Name,Price,Link
Dennis Rodman - Give Everything,149.00,https://ikonick.com/products/nba-give-everything-dennis-rodman
Michael Jordan - Keep Going,169.00,https://ikonick.com/products/jordan-keep-going
No Rewind,139.00,https://ikonick.com/products/no-rewind
Michael Jordan - Frozen In Time,169.00,https://ikonick.com/products/frozen-in-time
The Climb,139.00,https://ikonick.com/products/the-climb
Monopoly - Rent Due,149.00,https://ikonick.com/products/monopoly-rent-due
Monopoly - Success,149.00,https://ikonick.com/products/monopoly-success
Michael Jordan - Take Things Personally,169.00,https://ikonick.com/products/take-things-personally
Tiger Woods - Give Everything,169.00,https://ikonick.com/products/give-everything-tiger
Dreams Weigh More Than Excuses,139.00,https://ikonick.com/products/dreams-weigh-more-than-excuses
Pause If You Must,139.00,https://ikonick.com/products/pause-if-you-must
Monopoly - Outwork Everyone,149.00,https://ikonick.com/products/monopoly-outwork-everyone
Monopoly - Set Goals And Go,149.00,https://ikonick.com/products/monopoly-go
Success,139.00,https://ikonick.com/products/success
Tiger Woods - Mindset Is Everything,169.00,https://ikonick.com/products/mindset-is-everything-tiger
Allen Iverson - Prove Them Wrong,149.00,https://ikonick.com/products/nba-prove-them-wrong-allen-iverson
Monopoly - You Can't Deposit Excuses,149.00,https://ikonick.com/products/monopoly-you-cant-deposit-excuses
Muhammad Ali - Keep Going,149.00,https://ikonick.com/products/muhammad-ali-keep-going
Mindset,149.00,https://ikonick.com/products/mindset
Monopoly - Ideas vs Execution,149.00,https://ikonick.com/products/monopoly-ideas-vs-execution
Passport,139.00,https://ikonick.com/products/passport
Ingredients For Success,139.00,https://ikonick.com/products/ingredients-for-success
Money Doesn't Buy Happiness,149.00,https://ikonick.com/products/money-doesnt-buy-happiness
Michael Jordan - Frame to Fame,169.00,https://ikonick.com/products/michael-jordan-frame-to-fame
Noise,209.00,https://ikonick.com/products/noise
Monopoly - Persistence,149.00,https://ikonick.com/products/monopoly-persistence
Muhammad Ali - No Excuses,149.00,https://ikonick.com/products/muhammad-ali-no-excuses
Monopoly - Optimism,149.00,https://ikonick.com/products/monopoly-optimism
Michael Jordan - Mindset,169.00,https://ikonick.com/products/michael-jordan-mindset
One Life,149.00,https://ikonick.com/products/one-life
Monopoly - No Risk No Reward,149.00,https://ikonick.com/products/monopoly-no-risk-no-reward
PEANUTS - Keep Looking Up,149.00,https://ikonick.com/products/peanuts-keep-looking-up
Stars The Limit,139.00,https://ikonick.com/products/stars-the-limit
Shelf To Life,139.00,https://ikonick.com/products/shelf-to-life
Michael Jordan - Nothing Worth Having Comes Easy,169.00,https://ikonick.com/products/michael-jordan-nothing-worth-having-comes-easy
Michael Jordan - Flight Test,169.00,https://ikonick.com/products/flight-test
